{
  "eye": {
    "orientation": [
      -0.15497197210788727,
      -0.21712614595890045,
      -0.13516326248645782,
      0.9542383551597595
    ],
    "magnitude": 0.5773502588272095,
    "position": [
      -167.70883178710938,
      159.4446563720703,
      386.15338134765625
    ]
  },
  "radius": 150,
  "type": "PERSPECTIVE"
}