{
  "eye": {
    "orientation": [
      0.336797833442688,
      -0.3538667857646942,
      0.036346856504678726,
      0.8717938661575317
    ],
    "magnitude": 0.5773502588272095,
    "position": [
      -177.70033264160156,
      -183.8758544921875,
      156.8822784423828
    ]
  },
  "radius": 150,
  "type": "PERSPECTIVE"
}